CRN,Course,Time,Days,Location,Seats Still Available,STATUS
8247,ACCT 200,0800-0850,MWF,LUTR 142,24,Open
9248,ACCT 200,1100-1150,MWF,LUTR 242,11,Open
8249,ACCT 201,0900-0950,MWF,LUTR 347,16,Open
8251,ACCT 201,1000-1050,MWF,LUTR 347,23,Open
8253,ACCT 201,1400-1450,MWF,LUTR 123,22,Open
8254,ACCT 201,1630-1745,TR,LUTR 137,19,Open
8255,ACCT 201,1300-1350,MWF,LUTR 123,22,Open
8256,ACCT 201,0800-0850,MWF,LUTR 137,22,Open
9250,ACCT 201,1100-1215,TR,LUTR 142,21,Open
8257,ACCT 202,1500-1615,TR,LUTR 123,18,Open
9255,ACCT 202,1100-1215,TR,LUTR 123,18,Open
8259,ACCT 301,1100-1150,MWF,LUTR 123,18,Open
9256,ACCT 301,1200-1250,MWF,LUTR 142,10,Open
8262,ACCT 405,1300-1350,MWF,FORBES 3012,0,Closed
9296,ACCT 406,,,ARR ,0,Closed
9251,ACCT 451,0930-1045,TR,LUTR 142,0,Closed
8264,ACCT 500,1800-1915,MW,LUTR 142,23,Open
8265,ACCT 502,1500-1615,TR,LUTR 142,6,Open
8266,ACCT 570,1600-1715,MW,LUTR 123,7,Open
8267,ACCT 572,1930-2045,MW,LUTR 142,7,Open
9208,AMST 100,1000-1050,MWF,MCM 312,0,Closed
9209,AMST 100,1100-1150,MWF,MCM 260,0,Closed
8877,AMST 100,1200-1250,MWF,MCM 212,0,Closed
8878,AMST 100,1300-1350,MWF,MCM 212,1,Open
8879,AMST 100,1330-1445,TR,MCM 101,36,Open
8884,AMST 100,1400-1450,MWF,MCM 316,1,Open
8885,AMST 100,1500-1550,MWF,MCM 316,0,Closed
8886,AMST 120,0930-1045,TR,MCM 114,0,Closed
8887,AMST 120,1630-1745,TR,MCM 114,21,Open
9210,AMST 200,1100-1215,TR,MCM 312,15,Open
9211,AMST 200,1500-1615,TR,MCM 114,19,Open
9203,AMST 220,1600-1715,MW,MCM 360,3,Open
9231,AMST 295,1100-1215,TR,FORBES 3014,1,Open
8890,AMST 300,1930-2045,MW,MCM 360,6,Open
8891,AMST 320,1000-1050,MWF,TFAC 205,0,Closed
9282,AMST 490,,,ARR ,0,Closed
8549,ANTH 200,1100-1215,TR,LUTR 170,21,Open
8550,ANTH 200,1330-1445,TR,LUTR 170,29,Open
8551,ANTH 203,1500-1615,TR,FORBES 2070A,12,Open
8552,ANTH 203,1630-1745,TR,FORBES 2070A,10,Open
9290,ANTH 309,1330-1445,TR,FORBES 2070C,5,Open
8553,ANTH 310,1100-1215,TR,FORBES 2088,13,Open
8554,ANTH 331,1500-1550,MWF,LUTR 167,12,Open
9285,ANTH 345,1400-1450,MWF,LUTR 167,14,Open
8929,ARAB 101,1000-1050,MWF,MCM 314,9,Open
8930,ARAB 101,1200-1250,MWF,MCM 362,6,Open
8931,ARAB 201,1300-1350,MWF,MCM 362,16,Open
9235,BCHM 395,1400-1450,MWF,FORBES 3012,22,Open
8199,BCHM 414,0800-0850,MWF,FORBES 2070E,30,Open
8200,BCHM 414L,1300-1650,F,FORBES 3048,16,Open
8201,BCHM 414L,1330-1720,R,FORBES 3048,15,Open
8098,BIOL 107,1800-1915,TR,FORBES 1022,0,Closed
8099,BIOL 109L,1400-1550,M,FORBES 1027,5,Open
8100,BIOL 109L,1600-1750,M,FORBES 1027,14,Open
8101,BIOL 109L,1800-1950,M,FORBES 1027,11,Open
8102,BIOL 109L,2000-2150,M,FORBES 1027,21,Open
8103,BIOL 109L,1800-1950,T,FORBES 1027,0,Closed
8104,BIOL 109L,2000-2150,T,FORBES 1027,15,Open
8105,BIOL 109L,1800-1950,R,FORBES 1027,20,Open
8106,BIOL 109L,2000-2150,R,FORBES 1027,23,Open
8052,BIOL 113,1800-1915,MW,FORBES 2070D,7,Open
8107,BIOL 115,1600-1715,MW,FORBES 1022,27,Open
8053,BIOL 211,1100-1215,TR,FORBES 2070D,11,Open
8054,BIOL 211,1400-1450,MWF,FORBES 2070D,28,Open
8055,BIOL 211,1300-1350,MWF,FORBES 2070E,17,Open
8056,BIOL 211,1330-1445,TR,FORBES 2070D,18,Open
8057,BIOL 211L,1800-2150,M,FORBES 1009,13,Open
8058,BIOL 211L,1800-2150,T,FORBES 1009,13,Open
8059,BIOL 211L,1330-1720,T,FORBES 1009,11,Open
8060,BIOL 211L,1800-2150,W,FORBES 1009,10,Open
8061,BIOL 211L,1800-2150,R,FORBES 1009,14,Open
8062,BIOL 211L,1300-1650,M,FORBES 1009,14,Open
8108,BIOL 212,0800-0915,TR,FORBES 2070D,22,Open
8109,BIOL 212,0930-1045,TR,FORBES 2015,38,Open
8110,BIOL 212,1100-1215,TR,FORBES 2015,37,Open
8111,BIOL 212L,1330-1720,T,FORBES 1027,17,Open
8112,BIOL 212L,0900-1250,W,FORBES 1027,20,Open
8113,BIOL 212L,1330-1720,R,FORBES 1027,24,Open
8114,BIOL 212L,1300-1650,W,FORBES 1002,16,Open
8115,BIOL 212L,1330-1720,R,FORBES 1002,23,Open
8116,BIOL 213,0900-0950,MWF,FORBES 2070E,37,Open
8117,BIOL 213,0900-0950,MWF,FORBES 2070D,47,Open
8118,BIOL 213,1100-1150,MWF,FORBES 1033,9,Open
8119,BIOL 213,1100-1150,MWF,FORBES 1039,21,Open
8120,BIOL 213L,1300-1650,M,FORBES 1033,10,Open
8121,BIOL 213L,1300-1650,M,FORBES 1039,24,Open
8122,BIOL 213L,1300-1650,W,FORBES 1033,20,Open
8123,BIOL 213L,1300-1650,W,FORBES 1039,23,Open
8124,BIOL 213L,0800-1150,R,FORBES 1033,14,Open
8125,BIOL 213L,0800-1150,R,FORBES 1039,23,Open
8063,BIOL 284,0930-1045,TR,FORBES 3012,1,Open
8064,BIOL 284L,1330-1720,R,FORBES 2056,0,Closed
8065,BIOL 300,0800-0915,TR,FORBES 2090,0,Closed
8066,BIOL 301,1000-1050,MWF,FORBES 2015,24,Open
8067,BIOL 301,1100-1150,MWF,FORBES 2070C,10,Open
8068,BIOL 301L,1300-1650,M,FORBES 1015,17,Open
8069,BIOL 301L,1330-1720,T,FORBES 1015,14,Open
8070,BIOL 301L,1800-2150,T,FORBES 1015,11,Open
8126,BIOL 306,1000-1050,MWF,FORBES 2051,0,Closed
8127,BIOL 306L,1300-1650,W,FORBES 2051,4,Open
8071,BIOL 307,0930-1045,TR,FORBES 2070E,7,Open
8072,BIOL 307,0800-0915,TR,FORBES 2070E,32,Open
8073,BIOL 307L,1300-1650,W,FORBES 1015,11,Open
8074,BIOL 307L,1330-1720,R,FORBES 1015,7,Open
8075,BIOL 307L,1300-1650,F,FORBES 1015,0,Closed
8128,BIOL 310,1200-1250,MWF,FORBES 1033,10,Open
8129,BIOL 310L,1300-1650,F,FORBES 1033,10,Open
8076,BIOL 313,1500-1615,TR,FORBES 2070D,23,Open
8077,BIOL 314,0930-1045,TR,FORBES 2070D,16,Open
8078,BIOL 314,1100-1215,TR,FORBES 2070E,0,Closed
8079,BIOL 314L,1800-2150,W,FORBES 2056,1,Open
8080,BIOL 314L,1300-1650,W,FORBES 2056,6,Open
8081,BIOL 314L,1300-1650,M,FORBES 2056,0,Closed
8082,BIOL 314L,1330-1720,T,FORBES 2056,13,Open
8083,BIOL 391,1300-1350,M,FORBES 3048,0,Closed
8134,BIOL 391,1000-1050,W,FORBES 2043,3,Open
8084,BIOL 391,1400-1450,M,FORBES 3048,0,Closed
8085,BIOL 391,1500-1550,M,FORBES 3048,0,Closed
8086,BIOL 391,1100-1150,F,FORBES 1009,4,Open
8087,BIOL 391,1000-1050,W,FORBES 1009,2,Open
8088,BIOL 391,1100-1150,W,FORBES 1009,1,Open
8131,BIOL 391,0900-0950,F,LUTR 131,4,Open
8132,BIOL 391,0900-0950,W,FORBES 2051,5,Open
8133,BIOL 391,1000-1050,M,FORBES 2043,4,Open
8089,BIOL 405,0900-0950,MWF,FORBES 3014,18,Open
8135,BIOL 407,1100-1215,TR,FORBES 2051,10,Open
8136,BIOL 407L,1330-1720,R,FORBES 2051,10,Open
8090,BIOL 411,1500-1615,TR,FORBES 2070C,7,Open
9239,BIOL 418,0900-0950,MWF,FORBES 2043,0,Closed
8091,BIOL 419,1100-1215,TR,FORBES 2090,9,Open
8092,BIOL 419L,1300-1650,W,FORBES 1055,9,Open
8093,BIOL 423L,,,ARR ,0,Closed
8137,BIOL 445,1100-1150,MWF,FORBES 2043,0,Closed
8138,BIOL 445L,1300-1650,M,FORBES 2043,0,Closed
8139,BIOL 457,0800-0915,TR,FORBES 2043,12,Open
8140,BIOL 457L,1330-1750,R,FORBES 2043,12,Open
8141,BIOL 465,0930-1045,TR,FORBES 2043,4,Open
8142,BIOL 465L,1330-1720,T,FORBES 2043,4,Open
8094,BIOL 491,1700-1750,W,FORBES 1009,0,Closed
8095,BIOL 491,1200-1250,M,FORBES 1002,0,Closed
8096,BIOL 491,1200-1250,F,FORBES 1002,0,Closed
8097,BIOL 491,1200-1250,W,FORBES 1009,0,Closed
8143,BIOL 491,0800-0850,T,FORBES 2051,0,Closed
8144,BIOL 491,0800-0850,W,FORBES 2051,1,Open
8145,BIOL 491,0800-0850,R,FORBES 2051,1,Open
8282,BTMG 020,,,ARR ,6,Open
8283,BTMG 030,,,ARR ,14,Open
8284,BTMG 040,,,ARR ,9,Open
9236,BUSN 195,1300-1350,MWF,LUTR 109,6,Open
8285,BUSN 231,1000-1050,MWF,LUTR 105,0,Closed
8286,BUSN 231,1500-1615,TR,LUTR 105,16,Open
8287,BUSN 231,0900-0950,MWF,LUTR 105,18,Open
8288,BUSN 231,1630-1745,TR,LUTR 105,13,Open
8289,BUSN 231,1100-1150,MWF,LUTR 105,13,Open
8290,BUSN 231,0800-0850,MWF,LUTR 105,18,Open
9273,BUSN 231,0930-1045,TR,LUTR 109,17,Open
8291,BUSN 251,0930-1045,TR,LUTR 137,18,Open
8293,BUSN 251,1100-1215,TR,LUTR 137,16,Open
8295,BUSN 251,1500-1615,TR,LUTR 137,17,Open
9252,BUSN 251,1630-1745,TR,TRIB 208,13,Open
9272,BUSN 251,1800-2100,M,TRIB 208,20,Open
8364,BUSN 276L,1800-2000,M,FORBES 2090,16,Open
8365,BUSN 276L,1800-2000,R,LUTR 105,0,Closed
8367,BUSN 276L,1800-2000,W,FORBES 2090,17,Open
8368,BUSN 276L,2000-2200,R,LUTR 105,4,Open
8297,BUSN 300,0900-0950,MWF,LUTR 137,17,Open
8298,BUSN 300,1000-1050,MWF,FERG 221,18,Open
8299,BUSN 300,1100-1150,MWF,LUTR 142,0,Closed
8300,BUSN 300,1200-1250,MWF,LUTR 121,7,Open
8301,BUSN 300,1400-1450,MWF,LUTR 142,8,Open
8335,BUSN 302,0930-1045,TR,FERG 208,0,Closed
8336,BUSN 303,1000-1050,MWF,LUTR 142,10,Open
8337,BUSN 303,1300-1350,MWF,LUTR 264,10,Open
8338,BUSN 303,1400-1450,MWF,LUTR 264,17,Open
8339,BUSN 304,1100-1215,TR,LUTR 105,8,Open
8340,BUSN 304,0930-1045,TR,LUTR 105,6,Open
8341,BUSN 304,1200-1250,MWF,LUTR 105,22,Open
8342,BUSN 304,1400-1450,MWF,LUTR 105,21,Open
8344,BUSN 305,1800-1915,TR,LUTR 123,0,Closed
8345,BUSN 305,1930-2045,TR,LUTR 123,6,Open
8346,BUSN 311,1000-1050,MWF,LUTR 137,15,Open
8347,BUSN 311,1100-1150,MWF,MCM 164,11,Open
8348,BUSN 311,1100-1215,TR,LUTR 264,0,Closed
8349,BUSN 311,1000-1050,MWF,FORBES 2070D,13,Open
8351,BUSN 317,1200-1250,MWF,LUTR 137,19,Open
8352,BUSN 317,1300-1350,MWF,LUTR 142,17,Open
8353,BUSN 323,1000-1050,MWF,LUTR 123,7,Open
8354,BUSN 323,1200-1250,MWF,LUTR 123,8,Open
8355,BUSN 323,1600-1715,MW,LUTR 105,18,Open
8356,BUSN 323,1800-1915,MW,LUTR 105,23,Open
8358,BUSN 370,1630-1745,TR,FORBES 3012,0,Closed
8359,BUSN 418,0800-0850,MWF,LUTR 170,11,Open
8360,BUSN 418,0900-0950,MWF,LUTR 170,0,Closed
8361,BUSN 418,1200-1250,MWF,FORBES 2070A,0,Closed
8362,BUSN 418,1300-1350,MWF,FORBES 2070A,6,Open
8363,BUSN 448,1800-1915,TR,LUTR 170,0,Closed
9249,BUSN 491,1000-1050,MWF,LUTR 131,13,Open
8146,CHEM 103,1400-1450,MWF,FORBES 1022,23,Open
8147,CHEM 103L,0800-1050,M,FORBES 3009,6,Open
8148,CHEM 103L,0800-1050,W,FORBES 3009,5,Open
8149,CHEM 103L,0800-1050,F,FORBES 3009,13,Open
9206,CHEM 110,1300-1350,MWF,FORBES 3014,20,Open
8150,CHEM 121,1000-1050,MWF,FORBES 1022,31,Open
8151,CHEM 121,1300-1350,MWF,FORBES 1022,36,Open
8152,CHEM 121,0900-0950,MWF,FORBES 1022,38,Open
8153,CHEM 121,0930-1045,TR,LUTR 121,39,Open
8163,CHEM 121L,1800-2150,M,FORBES 3009,21,Open
8164,CHEM 121L,1800-2150,T,FORBES 3009,16,Open
8165,CHEM 121L,1300-1650,M,FORBES 3009,24,Open
8166,CHEM 121L,1800-2150,R,FORBES 3009,22,Open
8167,CHEM 121L,1800-2150,W,FORBES 3002,24,Open
8168,CHEM 121L,1800-2150,W,FORBES 3009,0,Closed
8154,CHEM 121L,1300-1650,M,FORBES 3002,0,Closed
8155,CHEM 121L,1330-1720,T,FORBES 3002,0,Closed
8156,CHEM 121L,1330-1720,T,FORBES 3009,21,Open
8157,CHEM 121L,1300-1650,W,FORBES 3002,20,Open
8159,CHEM 121L,1330-1720,R,FORBES 3002,0,Closed
8160,CHEM 121L,1330-1720,R,FORBES 3009,24,Open
8162,CHEM 121L,1800-2150,M,FORBES 3002,0,Closed
8169,CHEM 122,1100-1150,MWF,FORBES 2070D,41,Open
9264,CHEM 122L,1300-1650,W,FORBES 3009,19,Open
8170,CHEM 221,0800-0850,MWF,FORBES 1022,66,Open
8171,CHEM 221,1200-1250,MWF,FORBES 3012,0,Closed
8172,CHEM 221,1200-1250,MWF,FORBES 1022,74,Open
8173,CHEM 221L,0830-1220,T,FORBES 3052,13,Open
8174,CHEM 221L,1800-2150,T,FORBES 3052,19,Open
8175,CHEM 221L,1800-2150,R,FORBES 3052,12,Open
8176,CHEM 221L,1300-1650,M,FORBES 3052,17,Open
8177,CHEM 221L,1800-2150,M,FORBES 3052,22,Open
8178,CHEM 221L,1300-1650,W,FORBES 3052,23,Open
8179,CHEM 221L,1330-1720,T,FORBES 3052,20,Open
8180,CHEM 221L,1330-1720,R,FORBES 3052,9,Open
8181,CHEM 221L,1800-2150,W,FORBES 3052,20,Open
8182,CHEM 341,1100-1150,MWF,FORBES 2070E,12,Open
8183,CHEM 391,1000-1050,MWF,FORBES 1033,7,Open
8184,CHEM 391,1200-1250,MWF,FORBES 2012,13,Open
8185,CHEM 401,1100-1215,TR,FORBES 3048,21,Open
8186,CHEM 401L,1330-1720,T,FORBES 3048,20,Open
8189,CHEM 443,1000-1050,MWF,FORBES 2070E,38,Open
8187,CHEM 445,0900-0950,MWF,FORBES 3040,11,Open
8188,CHEM 445L,1300-1650,W,FORBES 3040,12,Open
8192,CHEM 543,1000-1050,MWF,FORBES 2070E,3,Open
8190,CHEM 545,0900-0950,MWF,FORBES 3040,5,Open
8191,CHEM 545L,1300-1650,W,FORBES 3040,5,Open
8932,CHIN 101,1000-1050,MWF,MCM 360,12,Open
8933,CHIN 101,1100-1150,MWF,MCM 362,11,Open
8934,CHIN 201,1300-1350,MWF,MCM 366,17,Open
9297,CHIN 302,0900-0950,MWF,MCM 200B,0,Closed
9299,CHLF 201,1800-2045,T,FORBES 2015,24,Open
8935,CLST 201,1000-1050,MWF,MCM 164,0,Closed
8936,CLST 212,0900-0950,MWF,MCM 114,0,Closed
8937,CLST 320,1100-1150,MWF,MCM 216,11,Open
8938,CLST 322,0900-0950,MWF,MCM 164,9,Open
8939,CLST 420,1100-1150,MWF,MCM 216,0,Closed
8940,CLST 422,0900-0950,MWF,MCM 164,0,Closed
8002,COLL 140,1300-1350,MW,FORBES 2074,0,Closed
8003,COLL 140,1330-1420,TR,FERG 220,0,Closed
8004,COLL 140,1730-1820,MW,MCM 360,0,Closed
8005,COLL 150,1200-1250,MW,MCM 262,29,Open
8006,COLL 150,1100-1150,MW,FORBES 2074,29,Open
8001,COLL 277,,,ARR ,10,Open
8009,COMM 201,1630-1745,TR,LUTR 139,13,Open
8010,COMM 201,1800-1915,TR,LUTR 139,0,Closed
8011,COMM 201,1800-1915,TR,FORBES 2012,4,Open
8012,COMM 201,1930-2045,TR,FORBES 2012,14,Open
9268,COMM 201,1300-1350,MWF,FORBES 2088,8,Open
9269,COMM 201,1200-1250,MWF,FORBES 2088,7,Open
8013,COMM 211,1100-1215,TR,MCM 101,84,Open
8014,COMM 222,1100-1150,MWF,LUTR 121,86,Open
8016,COMM 239,1930-2045,TR,FORBES 2014,1,Open
8019,COMM 239,1930-2115,M,LUTR 242,16,Open
9274,COMM 239,1800-1915,MW,FORBES 2012,15,Open
9275,COMM 239,1930-2045,MW,FORBES 2012,0,Closed
8020,COMM 249,0900-0950,MWF,LUTR 139,21,Open
8021,COMM 249,1500-1615,TR,FORBES 3012,20,Open
8022,COMM 249,0930-1045,TR,FERG 220,17,Open
9179,COMM 249,1200-1250,MWF,LUTR 264,0,Closed
8023,COMM 291,,,ARR ,0,Closed
8024,COMM 301,0930-1045,TR,MCM 162,0,Closed
8025,COMM 304,1100-1150,MWF,LUTR 139,5,Open
8026,COMM 305,1330-1445,TR,FORBES 3012,9,Open
8028,COMM 320,1330-1445,TR,LUTR 139,8,Open
8030,COMM 321,1100-1215,TR,LUTR 139,0,Closed
9305,COMM 321,1500-1615,TR,LUTR 139,5,Open
8031,COMM 322,1300-1350,MWF,MCM 162,0,Closed
8032,COMM 323,1000-1050,MWF,LUTR 139,6,Open
8033,COMM 325,1100-1215,TR,FERG 220,0,Closed
8034,COMM 326,1200-1250,MWF,LUTR 139,0,Closed
8035,COMM 326,1300-1350,MWF,LUTR 139,14,Open
8036,COMM 340,1000-1050,MWF,FORBES 2070C,15,Open
8037,COMM 340,1100-1150,MWF,TRIB 208,7,Open
8038,COMM 341,1300-1350,MWF,FORBES 2012,5,Open
8039,COMM 341,1400-1450,MWF,FORBES 2012,15,Open
9180,COMM 357,1500-1550,MWF,LUTR 139,17,Open
9181,COMM 357,1400-1450,MWF,LUTR 139,9,Open
9276,COMM 357,1930-2215,M,LUTR 264,0,Closed
8040,COMM 360,0930-1045,TR,LUTR 139,14,Open
8041,COMM 367,1800-1915,MW,LUTR 139,3,Open
8042,COMM 367,1930-2045,MW,LUTR 139,17,Open
8043,COMM 402,1330-1445,TR,TFAC 205,0,Closed
8044,COMM 402,1500-1615,TR,TFAC 205,12,Open
8045,COMM 403,1330-1445,TR,MCM 160,14,Open
8046,COMM 404,0900-0950,MWF,LUTR 109,1,Open
8047,COMM 405,0900-0950,MWF,LUTR 264,0,Closed
8048,COMM 414,1400-1450,MWF,FORBES 2014,13,Open
8049,COMM 414,1500-1550,MWF,FORBES 2014,19,Open
8050,COMM 452,0930-1045,TR,TFAC 204,7,Open
8051,COMM 491,,,ARR ,0,Closed
8677,CPEN 214,1630-1745,TR,LUTR 347,20,Open
8678,CPEN 214,0930-1045,TR,LUTR 347,23,Open
8679,CPEN 371,1300-1350,MW,LUTR 322,4,Open
8680,CPEN 371,1400-1450,MW,LUTR 322,8,Open
8681,CPEN 371,1600-1650,MW,LUTR 322,18,Open
8682,CPEN 371,1500-1550,MW,LUTR 322,14,Open
8683,CPEN 431,1100-1215,TR,LUTR 204,15,Open
8684,CPEN 497,1300-1350,MWF,LUTR 347,32,Open
8685,CPSC 110,1800-1915,MW,LUTR 258,18,Open
8687,CPSC 110,1930-2045,MW,LUTR 258,24,Open
8688,CPSC 110,2100-2215,MW,LUTR 258,23,Open
8689,CPSC 110,1500-1550,MWF,LUTR 258,6,Open
9174,CPSC 110,1300-1350,MWF,LUTR 258,21,Open
8690,CPSC 110,1400-1450,MWF,LUTR 258,23,Open
8691,CPSC 140,1000-1050,MWF,LUTR 323,13,Open
8693,CPSC 150,1000-1050,MWF,LUTR 236,2,Open
8694,CPSC 150,0800-0850,MWF,LUTR 236,4,Open
8695,CPSC 150,1300-1350,MWF,LUTR 236,4,Open
8696,CPSC 150,1500-1550,MWF,LUTR 236,0,Closed
8697,CPSC 150,1400-1450,MWF,LUTR 236,4,Open
8698,CPSC 150,0900-0950,MWF,LUTR 236,4,Open
8699,CPSC 150L,1800-1945,W,LUTR 236,3,Open
8700,CPSC 150L,1800-1945,T,LUTR 323,0,Closed
8701,CPSC 150L,1800-1945,M,LUTR 236,0,Closed
8702,CPSC 150L,2000-2145,W,LUTR 236,4,Open
8703,CPSC 150L,2000-2145,T,LUTR 236,4,Open
8704,CPSC 150L,1800-1945,R,LUTR 323,4,Open
8705,CPSC 150L,2000-2145,R,LUTR 236,4,Open
8706,CPSC 215,1600-1715,MW,LUTR 109,20,Open
8707,CPSC 215,1400-1450,MWF,LUTR 109,21,Open
8708,CPSC 215,1800-1915,MW,LUTR 109,22,Open
8709,CPSC 215,1930-2045,MW,LUTR 109,27,Open
8710,CPSC 215,1000-1050,MWF,LUTR 109,23,Open
8711,CPSC 216,1100-1150,MWF,LUTR 109,17,Open
8712,CPSC 250,0930-1045,TR,LUTR 236,18,Open
8713,CPSC 250,1500-1615,TR,LUTR 236,19,Open
8714,CPSC 250,1630-1745,TR,LUTR 236,18,Open
8715,CPSC 250L,1300-1445,F,LUTR 323,20,Open
8716,CPSC 250L,1600-1745,W,LUTR 323,20,Open
8717,CPSC 250L,1400-1545,W,LUTR 323,16,Open
8718,CPSC 255,1500-1615,TR,LUTR 258,17,Open
8719,CPSC 255,1600-1715,MW,LUTR 236,23,Open
8720,CPSC 255,1100-1215,TR,LUTR 236,21,Open
8721,CPSC 256,1100-1150,MWF,LUTR 236,7,Open
8722,CPSC 270,1330-1445,TR,LUTR 236,7,Open
8723,CPSC 270,0800-0915,TR,LUTR 236,21,Open
8724,CPSC 280,1100-1150,MWF,LUTR 258,2,Open
8725,CPSC 327,1630-1745,TR,LUTR 258,2,Open
8726,CPSC 327,1330-1445,TR,LUTR 258,4,Open
8727,CPSC 335,1100-1215,TR,LUTR 323,0,Closed
8728,CPSC 336,1330-1445,TR,LUTR 323,2,Open
8729,CPSC 336,1630-1745,TR,LUTR 323,17,Open
8730,CPSC 350,1500-1615,TR,LUTR 322,17,Open
8731,CPSC 350,1100-1215,TR,LUTR 258,14,Open
8732,CPSC 360,1000-1050,MWF,LUTR 258,0,Closed
8733,CPSC 410,0930-1045,TR,LUTR 258,3,Open
8734,CPSC 420,0800-0915,TR,LUTR 258,2,Open
8735,CPSC 430,1800-1915,TR,LUTR 258,27,Open
8736,CPSC 440,0800-0850,MWF,LUTR 258,21,Open
8737,CPSC 440,0900-0950,MWF,LUTR 258,8,Open
8738,CPSC 441,1500-1615,TR,LUTR 323,20,Open
8739,CPSC 445,1800-1915,MW,LUTR 323,8,Open
8740,CPSC 471,1800-1915,MW,LUTR 322,0,Closed
8741,CPSC 475,1930-2045,MW,LUTR 323,0,Closed
8742,CPSC 480,1600-1715,MW,LUTR 258,0,Closed
8743,CPSC 498,1330-1445,TR,LUTR 322,25,Open
8744,CPSC 501,1600-1715,MW,LUTR 258,0,Closed
8745,CPSC 510,1800-1915,MW,LUTR 322,3,Open
8746,CPSC 575,1930-2045,MW,LUTR 323,4,Open
8594,CRIM 208,0930-1045,TR,TFAC 102,40,Open
9303,CRIM 319,0930-1045,TR,MCM 310,6,Open
9286,CRIM 335,1600-1715,MW,LUTR 347,0,Closed
8596,CRIM 357,1800-2045,T,LUTR 269,0,Closed
8597,CRIM 374,1100-1150,MWF,LUTR 167,0,Closed
8598,CRIM 374,1200-1250,MWF,LUTR 167,0,Closed
8599,CRIM 390,1100-1215,TR,LUTR 109,9,Open
9244,CRIM 395,1800-2045,R,LUTR 376,0,Closed
8600,CRIM 491,,,ARR ,0,Closed
8747,CYBR 198,1300-1350,W,LUTR 323,0,Closed
8748,CYBR 298,1300-1350,W,LUTR 323,1,Open
8749,CYBR 328,0930-1045,TR,LUTR 323,5,Open
8750,CYBR 428,1930-2045,TR,LUTR 258,15,Open
8751,CYBR 498,1800-1915,MW,LUTR 323,4,Open
9070,DANC 204,1430-1545,MW,FERG T177,10,Open
9071,DANC 204,1100-1215,MW,FERG T177,0,Closed
9072,DANC 205,0930-1045,MW,FERG T177,1,Open
9073,DANC 206,0930-1045,TR,FERG T177,9,Open
9074,DANC 206,1630-1745,TR,FERG T177,10,Open
9075,DANC 240,1500-1615,TR,FERG T177,4,Open
9076,DANC 260,1330-1445,TR,FERG T177,17,Open
9077,DANC 330,1300-1415,MW,FERG T177,7,Open
9225,DANC 360,1100-1215,TR,FERG T177,14,Open
8752,DATA 201,1800-1915,TR,LUTR 236,1,Open
8614,ECON 200,1100-1215,TR,FORBES 2070C,4,Open
8615,ECON 200,1600-1715,MW,MCM 162,7,Open
8616,ECON 200,1800-1915,MW,MCM 162,10,Open
8617,ECON 200,1300-1350,MWF,FORBES 2014,7,Open
8618,ECON 200,1400-1450,MWF,FORBES 2074,21,Open
8619,ECON 201,1000-1050,MWF,FERG 220,0,Closed
8620,ECON 201,1100-1150,MWF,FORBES 3012,0,Closed
8621,ECON 201,1100-1215,TR,LUTR 121,73,Open
8622,ECON 201,1600-1715,MW,LUTR 121,70,Open
8623,ECON 201,1400-1450,MWF,LUTR 121,94,Open
8624,ECON 201,1800-2100,M,FORBES 2014,0,Closed
8625,ECON 201,1800-2100,W,LUTR 137,17,Open
8626,ECON 201,1800-2100,T,FORBES 3014,0,Closed
8627,ECON 201,1800-2100,R,FORBES 3014,0,Closed
8628,ECON 202,1500-1615,TR,FORBES 1022,41,Open
8629,ECON 202,1800-2100,M,FORBES 3014,0,Closed
8630,ECON 202,1800-2100,T,FORBES 2070A,14,Open
8631,ECON 202,1800-2100,W,FORBES 3014,15,Open
8632,ECON 202,1800-2100,R,FORBES 2070A,17,Open
8634,ECON 203,0930-1045,TR,FORBES 2070C,14,Open
8635,ECON 300,0900-0950,MWF,FORBES 2014,17,Open
8636,ECON 300,1000-1050,MWF,FORBES 2014,14,Open
8637,ECON 304,1330-1445,TR,MCM 310,0,Closed
8638,ECON 304,1500-1615,TR,MCM 310,17,Open
8639,ECON 320,1400-1450,MWF,MCM 114,0,Closed
9281,ECON 351,1600-1715,MW,LUTR 137,3,Open
8640,ECON 361,1800-1915,MW,LUTR 242,0,Closed
8641,ECON 485,1300-1350,MWF,MCM 110,0,Closed
8642,ECON 485,1500-1550,MWF,MCM 110,3,Open
9232,ECON 495,0930-1045,TR,LUTR 131,0,Closed
9298,ECON 499,,,ARR ,0,Closed
8753,EENG 321,1330-1445,TR,LUTR 206,8,Open
8754,EENG 321L,1800-2045,W,LUTR 206,8,Open
8755,EENG 361,1400-1450,MWF,LUTR 206,8,Open
8756,EENG 361L,1800-2045,M,LUTR 206,10,Open
8757,EENG 481,1000-1050,MWF,LUTR 206,14,Open
8758,EENG 497,1300-1350,MWF,LUTR 121,29,Open
9010,ENGL 123,1000-1050,MWF,MCM 216,19,Open
9188,ENGL 123,1000-1050,MWF,MCM 162,0,Closed
9189,ENGL 123,1100-1150,MWF,TFAC 204,0,Closed
9190,ENGL 123,1630-1745,TR,MCM 212,0,Closed
9191,ENGL 123,1300-1350,MWF,MCM 260,0,Closed
9192,ENGL 123,1100-1215,TR,MCM 216,0,Closed
9193,ENGL 123,1330-1445,TR,MCM 316,18,Open
9196,ENGL 123,0900-0950,MWF,MCM 216,0,Closed
9011,ENGL 123,1300-1350,MWF,MCM 357,18,Open
9197,ENGL 123,1100-1150,MWF,MCM 257,17,Open
9198,ENGL 123,1000-1050,MWF,MCM 257,19,Open
9199,ENGL 123,0930-1045,TR,MCM 216,19,Open
9200,ENGL 123,1100-1215,TR,MCM 210,19,Open
9201,ENGL 123,1630-1745,TR,MCM 210,0,Closed
9202,ENGL 123,1300-1350,MWF,TRIB 1213,19,Open
9229,ENGL 123,1800-1915,TR,MCM 310,18,Open
9230,ENGL 123,1630-1745,TR,MCM 310,0,Closed
9288,ENGL 123,0900-0950,MWF,MCM 260,19,Open
9012,ENGL 123,1500-1615,TR,MCM 207,18,Open
9013,ENGL 123,1630-1745,TR,MCM 207,19,Open
9182,ENGL 123,1500-1615,TR,MCM 257,0,Closed
9183,ENGL 123,1630-1745,TR,MCM 257,18,Open
9184,ENGL 123,0900-0950,MWF,MCM 312,19,Open
9185,ENGL 123,1000-1050,MWF,MCM 260,18,Open
9186,ENGL 123,1200-1250,MWF,MCM 207,0,Closed
9014,ENGL 200,1330-1445,TR,MCM 262,22,Open
9015,ENGL 201,1100-1150,MWF,MCM 310,22,Open
9016,ENGL 202,1100-1215,TR,MCM 212,23,Open
9017,ENGL 210,1300-1350,MWF,MCM 207,19,Open
9018,ENGL 211,1400-1450,MWF,MCM 207,18,Open
9019,ENGL 223,1400-1450,MWF,MCM 262,18,Open
9028,ENGL 223,1300-1350,MWF,MCM 262,15,Open
9029,ENGL 223,1630-1745,TR,MCM 216,18,Open
9030,ENGL 223,0930-1045,TR,MCM 262,19,Open
9031,ENGL 223,1200-1250,MWF,TRIB 1213,17,Open
9032,ENGL 223,0930-1045,TR,MCM 212,11,Open
9220,ENGL 223,1330-1445,TR,MCM 312,18,Open
9221,ENGL 223,1500-1615,TR,MCM 162,16,Open
9224,ENGL 223,1100-1215,TR,MCM 162,18,Open
9289,ENGL 223,1200-1250,MWF,MCM 210,15,Open
9020,ENGL 223,0800-0850,MWF,MCM 316,19,Open
9292,ENGL 223,1500-1550,MWF,MCM 210,18,Open
9293,ENGL 223,1000-1050,MWF,FORBES 2088,19,Open
9021,ENGL 223,0900-0950,MWF,MCM 316,5,Open
9022,ENGL 223,1100-1215,TR,MCM 260,15,Open
9023,ENGL 223,0930-1045,TR,MCM 260,18,Open
9024,ENGL 223,1000-1050,MWF,MCM 212,17,Open
9025,ENGL 223,1500-1615,TR,MCM 216,17,Open
9253,ENGL 250,1330-1445,TR,MCM 212,16,Open
9035,ENGL 256,1800-2045,W,MCM 312,2,Open
9038,ENGL 308,1000-1050,MWF,MCM 316,15,Open
9039,ENGL 309,1500-1615,TR,MCM 212,7,Open
9041,ENGL 310,1330-1445,TR,MCM 210,17,Open
9042,ENGL 315,1600-1715,MW,MCM 212,9,Open
9043,ENGL 316,1100-1215,TR,MCM 262,1,Open
9044,ENGL 323,1200-1250,MWF,MCM 257,16,Open
9046,ENGL 336,1100-1150,MWF,MCM 316,16,Open
9047,ENGL 339,1630-1745,TR,TRIB 1213,5,Open
9048,ENGL 340,1000-1050,MWF,MCM 357,17,Open
9049,ENGL 345,1300-1350,MWF,MCM 210,19,Open
9050,ENGL 350,1600-1715,MW,TRIB 1213,0,Closed
9053,ENGL 353,1500-1615,TR,MCM 260,0,Closed
9054,ENGL 353,1330-1445,TR,MCM 260,0,Closed
9055,ENGL 353,1500-1550,MWF,MCM 257,0,Closed
9056,ENGL 381,1100-1215,TR,MCM 114,9,Open
9060,ENGL 421,0930-1045,TR,MCM 257,0,Closed
9062,ENGL 490,1100-1150,MWF,MCM 212,4,Open
9065,ENGL 491,,,ARR ,0,Closed
9222,ENGL 491,,,ARR ,1,Open
9295,ENGL 499,,,ARR ,0,Closed
9066,ENGL 521,1700-1945,W,MCM 207,9,Open
9067,ENGL 521,1630-1915,R,MCM 364,11,Open
9068,ENGL 522,1630-1915,T,MCM 364,8,Open
9069,ENGL 526,1600-1845,W,MCM 257,18,Open
8759,ENGR 121,1100-1215,TR,LUTR 322,4,Open
8760,ENGR 210,1330-1445,TR,LUTR 347,18,Open
8761,ENGR 211,1100-1215,TR,LUTR 347,15,Open
8762,ENGR 211,1500-1615,TR,LUTR 109,18,Open
8763,ENGR 211L,1800-2045,R,LUTR 206,13,Open
8764,ENGR 211L,1800-2045,T,LUTR 206,17,Open
8765,ENGR 211L,1500-1745,W,LUTR 206,12,Open
8766,ENGR 213,1400-1450,MWF,FORBES 2070C,24,Open
8767,ENGR 213,1300-1350,MWF,FORBES 2070C,22,Open
8193,ENVS 510,1730-2020,W,FORBES 2043,5,Open
8194,ENVS 532,1730-1845,TR,FORBES 2051,12,Open
8195,ENVS 532L,0800-1150,S,FORBES 2051,12,Open
8196,ENVS 545,1100-1150,MWF,FORBES 2043,1,Open
8197,ENVS 545L,1300-1650,M,FORBES 2043,1,Open
8198,ENVS 699,1630-1720,R,FORBES 2070E,14,Open
8605,EVST 220,1000-1050,MWF,LUTR 167,4,Open
8268,FINC 300,1800-1915,TR,LUTR 137,4,Open
8269,FINC 300,1930-2045,TR,LUTR 137,22,Open
8270,FINC 324,1500-1615,TR,LUTR 347,3,Open
8271,FINC 422,0930-1045,TR,LUTR 123,0,Closed
8272,FINC 422,0800-0915,TR,LUTR 123,18,Open
8273,FINC 422,1330-1445,TR,LUTR 123,0,Closed
8274,FINC 425,1000-1050,MWF,LUTR 269,5,Open
8275,FINC 425,1100-1150,MWF,LUTR 347,5,Open
8276,FINC 500,1800-1915,MW,LUTR 142,3,Open
8277,FINC 532,1800-1915,TR,LUTR 142,6,Open
8278,FINC 562,1630-1745,TR,LUTR 142,8,Open
8279,FINC 570,1600-1715,MW,LUTR 123,5,Open
8280,FINC 572,1930-2045,MW,LUTR 142,8,Open
8643,FNAR 117,1030-1250,TR,TFAC 119,7,Open
8644,FNAR 117,1400-1620,MW,TFAC 119,14,Open
8645,FNAR 118,1800-2020,MW,TFAC 325,9,Open
8646,FNAR 118,1800-2020,TR,TFAC 325,9,Open
8647,FNAR 121,1400-1620,TR,TFAC 318,0,Closed
8648,FNAR 128,1030-1250,MW,TFAC 228,0,Closed
8650,FNAR 201,0930-1045,TR,TFAC 205,0,Closed
8651,FNAR 201,1330-1445,TR,TFAC 102,36,Open
8652,FNAR 201,1630-1745,TR,TFAC 204,0,Closed
8653,FNAR 201,1800-1915,TR,TFAC 204,0,Closed
8654,FNAR 202,1000-1050,MWF,TFAC 204,0,Closed
8655,FNAR 202,1100-1150,MWF,TFAC 102,37,Open
8656,FNAR 202,1400-1450,MWF,TFAC 205,18,Open
8657,FNAR 202,1500-1550,MWF,TFAC 205,3,Open
8659,FNAR 205,1030-1250,MW,TFAC 219,3,Open
8660,FNAR 205,1400-1620,TR,TFAC 219,0,Closed
8661,FNAR 224,1030-1250,TR,TFAC 318,11,Open
8662,FNAR 227,1030-1250,TR,TFAC 217,9,Open
8663,FNAR 227,1400-1620,TR,TFAC 217,5,Open
8664,FNAR 241,1800-2020,MW,TFAC 121,0,Closed
8665,FNAR 241,1800-2020,TR,TFAC 121,0,Closed
8666,FNAR 251,1400-1620,TR,TFAC 119,5,Open
8667,FNAR 322,0800-1020,TR,TFAC 318,7,Open
8668,FNAR 333,1030-1250,TR,TFAC 219,6,Open
8669,FNAR 334,0800-1020,MW,TFAC 228,0,Closed
8670,FNAR 336,1400-1620,MW,TFAC 228,0,Closed
8671,FNAR 351,1400-1620,TR,TFAC 119,6,Open
8672,FNAR 372,1600-1715,MW,TFAC 204,10,Open
8673,FNAR 381,1100-1215,TR,TFAC 205,8,Open
8674,FNAR 388,1030-1250,MW,TFAC 325,2,Open
9301,FNAR 401,,,ARR ,0,Closed
8675,FNAR 403,1300-1350,MWF,TFAC 204,0,Closed
8676,FNAR 534,1630-1745,MW,TFAC 325,9,Open
8941,FREN 101,1100-1150,MWF,MCM 307,15,Open
8942,FREN 101,1200-1250,MWF,MCM 307,14,Open
8943,FREN 200,0930-1045,TR,MCM 357,11,Open
8944,FREN 200,0800-0850,MWF,MCM 162,1,Open
8945,FREN 200,0900-0950,MWF,MCM 257,11,Open
8946,FREN 200,1100-1150,MWF,TRIB 1210,0,Closed
8947,FREN 201,1100-1150,MWF,MCM 366,8,Open
8948,FREN 201,1200-1250,MWF,MCM 366,12,Open
8949,FREN 302,1000-1050,MWF,MCM 366,3,Open
8950,FREN 351,1100-1215,TR,MCM 357,15,Open
8601,GEOG 210,1100-1150,MWF,MCM 360,9,Open
8602,GEOG 210,1300-1350,MWF,LUTR 167,6,Open
8603,GEOG 308,1100-1215,TR,MCM 164,0,Closed
8604,GEOG 349,1430-1715,M,LUTR 157,13,Open
8951,GERM 101,0900-0950,MWF,FERG 208,16,Open
8952,GERM 101,1100-1150,MWF,FERG 208,15,Open
8953,GERM 200,0900-0950,MWF,MCM 160,0,Closed
8954,GERM 200,1400-1450,MWF,MCM 162,5,Open
8955,GERM 200,1600-1715,MW,MCM 364,17,Open
8956,GERM 200,1800-1915,MW,MCM 364,12,Open
8957,GERM 301,1200-1250,MWF,MCM 164,7,Open
8958,GERM 352,1000-1050,MWF,FERG 208,9,Open
8959,GREK 201,1200-1250,MWF,MCM 360,15,Open
8825,HIST 111,0930-1045,TR,MCM 316,0,Closed
8826,HIST 111,1100-1215,TR,MCM 316,21,Open
8827,HIST 111,1500-1615,TR,MCM 360,0,Closed
8828,HIST 111,1630-1745,TR,MCM 360,26,Open
8829,HIST 111,1400-1450,MWF,MCM 257,12,Open
8831,HIST 112,1100-1215,TR,LUTR 131,1,Open
8832,HIST 112,1330-1445,TR,MCM 110,1,Open
8835,HIST 112,1330-1445,TR,MCM 357,0,Closed
8836,HIST 112,1500-1615,TR,MCM 357,0,Closed
8837,HIST 112,1000-1050,MWF,MCM 160,0,Closed
8838,HIST 112,1100-1150,MWF,MCM 160,0,Closed
8839,HIST 121,0900-0950,MWF,MCM 310,13,Open
8840,HIST 121,1000-1050,MWF,MCM 310,18,Open
8841,HIST 121,1100-1150,MWF,MCM 114,0,Closed
8842,HIST 121,1800-1915,MW,MCM 307,12,Open
8843,HIST 121,1400-1450,MWF,MCM 364,14,Open
8844,HIST 121,0800-0850,MWF,MCM 357,14,Open
8845,HIST 121,0900-0950,MWF,MCM 357,16,Open
8846,HIST 122,0930-1045,TR,MCM 362,14,Open
8847,HIST 122,1100-1215,TR,MCM 362,2,Open
8848,HIST 122,0930-1045,TR,MCM 307,0,Closed
8849,HIST 122,1100-1215,TR,MCM 307,0,Closed
8851,HIST 122,1100-1150,MWF,MCM 262,14,Open
8852,HIST 122,0800-0850,MWF,MCM 364,18,Open
8853,HIST 211,1200-1250,MWF,MCM 260,0,Closed
8854,HIST 211,1300-1350,MWF,MCM 164,14,Open
9176,HIST 213,1200-1250,MWF,MCM 216,4,Open
8856,HIST 214,1200-1250,MWF,MCM 316,0,Closed
8857,HIST 214,1300-1350,MWF,MCM 316,13,Open
9204,HIST 217,1600-1715,MW,MCM 260,0,Closed
8858,HIST 300,0900-0950,MWF,MCM 307,10,Open
8859,HIST 300,1000-1050,MWF,MCM 307,6,Open
8861,HIST 326,1800-2100,W,MCM 101,10,Open
8862,HIST 329,1600-1715,MW,MCM 210,7,Open
8863,HIST 341,1330-1445,TR,MCM 162,3,Open
8864,HIST 342,1500-1615,TR,MCM 316,0,Closed
8865,HIST 349,1200-1250,MWF,MCM 310,0,Closed
8866,HIST 360,1630-1745,TR,MCM 316,9,Open
8867,HIST 364,1300-1350,MWF,MCM 257,0,Closed
8869,HIST 383,0930-1045,TR,MCM 364,0,Closed
9177,HIST 395,1400-1450,MWF,MCM 307,1,Open
8870,HIST 396,1300-1350,MWF,MCM 114,6,Open
9178,HIST 403,1330-1445,TR,MCM 300D,0,Closed
9205,HIST 424,1600-1715,MW,MCM 216,0,Closed
8872,HIST 480,1000-1050,MWF,MCM 364,0,Closed
8873,HIST 490,1800-2045,M,MCM 207,0,Closed
8874,HIST 490,1800-2045,W,MCM 357,4,Open
8875,HIST 510,1600-1845,M,MCM 114,11,Open
8876,HIST 570,1600-1845,W,MCM 114,11,Open
8217,HONR 010,,,ARR ,0,Closed
8218,HONR 010,,,ARR ,0,Closed
8219,HONR 010,,,ARR ,0,Closed
8220,HONR 020,,,ARR ,5,Open
8221,HONR 020,,,ARR ,39,Open
8222,HONR 020,,,ARR ,39,Open
8223,HONR 030,,,ARR ,4,Open
8224,HONR 030,,,ARR ,29,Open
8225,HONR 030,,,ARR ,34,Open
8226,HONR 040,,,ARR ,0,Closed
8227,HONR 040,,,ARR ,16,Open
8228,HONR 040,,,ARR ,42,Open
8229,HONR 100,1000-1050,MWF,LUTR 352,0,Closed
8230,HONR 100,1400-1450,MWF,MCM 212,0,Closed
8231,HONR 100,1100-1215,TR,MCM 366,0,Closed
8232,HONR 100,1100-1150,MWF,FORBES 2088,0,Closed
8233,HONR 100,1600-1715,MW,FORBES 2014,0,Closed
9172,HONR 100,1600-1715,MW,MCM 307,0,Closed
9260,HONR 100,1100-1150,MWF,MCM 364,0,Closed
9261,HONR 302,1100-1150,MWF,FORBES 2012,0,Closed
8234,HONR 359,1330-1445,TR,MCM 207,17,Open
8235,HONR 370,0930-1045,TR,FORBES 2012,1,Open
8237,HONR 381,,,ARR ,0,Closed
8238,HONR 382,,,ARR ,26,Open
9226,HONR 382,,,ARR ,38,Open
9227,HONR 382,,,ARR ,46,Open
8239,HONR 383,,,ARR ,0,Closed
8240,HONR 383,,,ARR ,0,Closed
8241,HONR 383,,,ARR ,0,Closed
9247,HONR 392,1000-1050,MWF,LUTR 264,0,Closed
9173,HONR 394,1500-1615,TR,TFAC 102,15,Open
9254,HONR 395,1800-1915,TR,TRIB 1210,10,Open
9257,HONR 396,1100-1215,TR,TRIB 1210,0,Closed
8242,HONR 484,,,ARR ,33,Open
8243,HONR 490,1100-1215,TR,MCM 200B,0,Closed
8244,HONR 490,1600-1715,MW,TRIB 208,1,Open
8245,HONR 490,1330-1445,TR,TRIB 208,0,Closed
8246,HONR 490,1300-1350,MWF,MCM 216,0,Closed
8609,IDST 201,1100-1215,TR,FORBES 3012,11,Open
8612,IDST 250,1500-1615,TR,MCM 210,19,Open
8606,IDST 255,1330-1445,TR,TRIB 1210,15,Open
8607,IDST 255,1500-1615,TR,TRIB 1210,9,Open
8610,IDST 265,1400-1450,MWF,MCM 362,10,Open
8611,IDST 267,1100-1215,TR,FERG 207,5,Open
8608,IDST 277,1800-1915,MW,TFAC 205,10,Open
9259,IDST 490,,,ARR ,0,Closed
9302,IDST 490,,,ARR ,0,Closed
8960,ITAL 101,1300-1350,MWF,FERG 220,10,Open
8961,ITAL 101,1000-1050,MWF,FORBES 2012,6,Open
8962,ITAL 201,1200-1250,MWF,FERG 208,18,Open
8963,LATN 101,1200-1250,MWF,MCM 160,14,Open
8964,LATN 101,1300-1350,MWF,MCM 160,15,Open
8965,LATN 200,1300-1350,MWF,MCM 310,6,Open
8966,LATN 200,1400-1450,MWF,MCM 310,5,Open
8967,LATN 200,1500-1550,MWF,MCM 310,17,Open
8968,LATN 304,1000-1050,MWF,MCM 114,11,Open
8969,LATN 404,1000-1050,MWF,MCM 114,3,Open
8901,LDSP 210,1930-2045,TR,MCM 162,0,Closed
8902,LDSP 210,1930-2045,TR,MCM 164,0,Closed
8903,LDSP 210,1630-1745,TR,MCM 162,0,Closed
8904,LDSP 210,1800-1915,TR,MCM 162,0,Closed
8905,LDSP 210,1800-1915,MW,MCM 160,0,Closed
8906,LDSP 210,0800-0915,TR,LUTR 347,0,Closed
8907,LDSP 210,1500-1615,TR,LUTR 242,0,Closed
8909,LDSP 210,1600-1715,MW,LUTR 242,0,Closed
8892,LDSP 210,1100-1150,MWF,MCM 162,0,Closed
9271,LDSP 210,1200-1250,MWF,MCM 162,0,Closed
8893,LDSP 210,0930-1045,TR,MCM 160,0,Closed
8894,LDSP 210,1100-1215,TR,MCM 160,0,Closed
8895,LDSP 210,0900-0950,MWF,FORBES 3012,0,Closed
8896,LDSP 210,0800-0915,TR,FORBES 3014,0,Closed
8898,LDSP 210,1330-1445,TR,MCM 366,0,Closed
8897,LDSP 210,0930-1045,TR,FORBES 3014,0,Closed
8899,LDSP 210,1500-1615,TR,MCM 366,0,Closed
8900,LDSP 210,1800-1915,MW,MCM 210,0,Closed
8910,LDSP 250,1800-1915,MW,LUTR 347,0,Closed
8911,LDSP 320,1400-1450,MWF,LUTR 269,12,Open
8913,LDSP 320,1000-1050,MWF,TRIB 208,12,Open
8914,LDSP 320,0900-0950,MWF,TRIB 208,11,Open
8915,LDSP 330,1300-1350,MWF,TRIB 208,0,Closed
8916,LDSP 337,1600-1715,MW,LUTR 264,5,Open
8917,LDSP 338,1330-1445,TR,LUTR 242,0,Closed
8918,LDSP 338,1930-2045,MW,MCM 160,0,Closed
8920,LDSP 370,1800-2100,W,FORBES 2074,0,Closed
9283,LDSP 371,,,ARR ,0,Closed
9238,LDSP 395,1630-1745,TR,LUTR 170,5,Open
9241,LDSP 395,0900-0950,MWF,LUTR 142,0,Closed
9242,LDSP 395,1200-1250,MWF,TRIB 208,15,Open
8923,LDSP 442,0930-1045,TR,FORBES 2014,0,Closed
8924,LDSP 442,1100-1215,TR,FORBES 2014,0,Closed
8925,LDSP 442,1100-1150,MWF,FORBES 2014,0,Closed
8926,LDSP 442,1200-1250,MWF,FORBES 2014,0,Closed
8927,LDSP 442,1500-1550,MWF,LUTR 347,9,Open
8928,LDSP 442,1400-1450,MWF,LUTR 347,1,Open
9284,LDSP 464,,,ARR ,0,Closed
8382,MATH 115,0900-0950,MWF,LUTR 372,28,Open
8383,MATH 115,1100-1150,MWF,LUTR 372,16,Open
8384,MATH 115,1300-1350,MWF,LUTR 269,23,Open
8385,MATH 115,0800-0915,TR,LUTR 372,29,Open
8386,MATH 115,1330-1445,TR,LUTR 372,21,Open
8387,MATH 120,0800-0915,TR,LUTR 376,16,Open
8397,MATH 125,1800-1915,MW,LUTR 372,26,Open
8398,MATH 125,0930-1045,TR,LUTR 372,26,Open
8399,MATH 125,1100-1215,TR,LUTR 372,28,Open
8400,MATH 125,1500-1615,TR,LUTR 372,48,Open
8401,MATH 125,1630-1745,TR,LUTR 372,31,Open
8388,MATH 125,0800-0850,MWF,LUTR 372,27,Open
8389,MATH 125,1000-1050,MWF,LUTR 372,21,Open
8390,MATH 125,1200-1250,MWF,LUTR 372,27,Open
8391,MATH 125,1300-1350,MWF,LUTR 372,29,Open
8392,MATH 125,1400-1450,MWF,LUTR 372,25,Open
8393,MATH 125,1400-1450,MWF,LUTR 376,30,Open
8394,MATH 125,1500-1550,MWF,LUTR 372,47,Open
8395,MATH 125,1600-1715,MW,LUTR 372,38,Open
8396,MATH 125,1600-1715,MW,LUTR 376,47,Open
8402,MATH 127,0900-0950,MWF,LUTR 242,1,Open
8403,MATH 130,0800-0850,MWF,LUTR 242,29,Open
8404,MATH 130,1000-1050,MWF,LUTR 242,12,Open
8405,MATH 130,1200-1250,MWF,LUTR 269,38,Open
8406,MATH 130,1500-1550,MWF,LUTR 269,39,Open
8407,MATH 130,0800-0915,TR,LUTR 269,14,Open
8408,MATH 130,1500-1615,TR,LUTR 269,27,Open
8409,MATH 131,1400-1450,MWF,LUTR 170,3,Open
8410,MATH 132,1200-1250,MWF,LUTR 242,9,Open
8411,MATH 132,1400-1450,MWF,LUTR 242,7,Open
8412,MATH 135,1100-1150,MWF,LUTR 269,15,Open
8413,MATH 135,1300-1350,MWF,LUTR 242,28,Open
8414,MATH 135,1100-1215,TR,LUTR 269,22,Open
8415,MATH 135,1630-1745,TR,LUTR 269,17,Open
8416,MATH 140,0900-0950; 0930-1020,MWF; TR,LUTR 376; LUTR 376,2,Open
8417,MATH 140,1100-1150,MTWRF,LUTR 376,8,Open
8418,MATH 140,1300-1350; 1330-1420,MWF; TR,LUTR 376; LUTR 376,3,Open
8419,MATH 140,1500-1550,MTWRF,LUTR 376,0,Closed
8420,MATH 148,1400-1450,MWF,LUTR 352,18,Open
8421,MATH 235,1200-1250,MWF,LUTR 170,24,Open
8422,MATH 235,0800-0915,TR,LUTR 352,12,Open
8423,MATH 240,0800-0915; 0800-0850,MW; F,FORBES 2070A; FORBES 2070A,24,Open
8424,MATH 240,1000-1115; 1000-1050,MW; F,FORBES 2070A; FORBES 2070A,14,Open
8425,MATH 240,1400-1515; 1400-1450,MW; F,FORBES 2070A; FORBES 2070A,20,Open
8426,MATH 245,1330-1445,TR,LUTR 269,18,Open
8427,MATH 247,0930-1045,TR,LUTR 352,11,Open
9175,MATH 247,1300-1350,MWF,LUTR 170,11,Open
8428,MATH 250,1000-1050,MWF,LUTR 376,17,Open
8429,MATH 260,1200-1250,MWF,LUTR 376,12,Open
8430,MATH 260,1100-1215,TR,LUTR 352,17,Open
8431,MATH 301,1200-1250,W,LUTR 352,6,Open
8432,MATH 301,1300-1350,W,LUTR 352,5,Open
8433,MATH 335,0900-0950,MWF,LUTR 269,12,Open
8434,MATH 360,1000-1050,MWF,LUTR 170,19,Open
8435,MATH 370,1100-1150,MWF,LUTR 352,12,Open
8436,MATH 380,0930-1045,TR,LUTR 269,6,Open
8437,MATH 447,1330-1445,TR,LUTR 352,18,Open
9300,MATH 499,,,ARR ,0,Closed
8438,MATH 538,,,ARR ,9,Open
8439,MATH 570,1600-1845,M,LUTR 352,6,Open
8440,MATH 570,1900-2145,M,LUTR 352,8,Open
8370,MGMT 400,1000-1050,MWF,FORBES 3014,0,Closed
8371,MGMT 400,1100-1150,MWF,FORBES 3014,11,Open
8372,MGMT 400,1400-1450,MWF,FORBES 3014,14,Open
8373,MGMT 410,1100-1150,MWF,LUTR 137,0,Closed
8374,MGMT 410,1300-1350,MWF,LUTR 137,6,Open
8375,MGMT 410,1400-1450,MWF,LUTR 137,17,Open
8376,MGMT 491,1330-1445,TR,LUTR 142,0,Closed
8377,MKTG 330,1300-1350,MWF,LUTR 105,7,Open
8378,MKTG 455,1330-1445,TR,LUTR 264,18,Open
8379,MKTG 455,1500-1615,TR,LUTR 264,5,Open
9258,MKTG 455,0930-1045,TR,LUTR 264,9,Open
8380,MKTG 460,1630-1745,TR,LUTR 264,5,Open
8381,MKTG 460,1800-1915,TR,LUTR 264,24,Open
8970,MLAN 205,0900-0950,MWF,MCM 162,17,Open
8971,MLAN 470,,,ARR ,0,Closed
8972,MLAN 490,1300-1350,MWF,MCM 312,9,Open
9008,MLAN 511,1600-1845,M,MCM 164,8,Open
9009,MLAN 570,,,ARR ,0,Closed
8441,MLSC 101,1100-1215,TR,MCM 112,0,Closed
8442,MLSC 101L,1500-1715,W,MCM 112,0,Closed
8443,MLSC 201,0930-1045,TR,MCM 112,16,Open
8444,MLSC 201L,1500-1715,W,MCM 112,16,Open
9237,MLSC 295,1500-1615,TR,MCM 112,25,Open
8445,MLSC 301,0800-0915,TR,MCM 112,5,Open
8446,MLSC 301L,1500-1715,W,MCM 112,5,Open
8447,MLSC 401,1330-1445,TR,MCM 112,7,Open
8448,MLSC 401L,1500-1715,W,MCM 112,7,Open
9078,MUSC 012,,,ARR ,74,Open
9079,MUSC 014,,,ARR ,0,Closed
9088,MUSC 014,,,ARR ,0,Closed
9089,MUSC 014,,,ARR ,0,Closed
9090,MUSC 014,,,ARR ,0,Closed
9091,MUSC 014,,,ARR ,0,Closed
9092,MUSC 014,,,ARR ,0,Closed
9093,MUSC 014,,,ARR ,0,Closed
9094,MUSC 014,,,ARR ,0,Closed
9095,MUSC 014,,,ARR ,0,Closed
9096,MUSC 014,1230-1320,T,FERG R118,0,Closed
9097,MUSC 014,1230-1320,R,FERG A183,0,Closed
9081,MUSC 014,1200-1250,W,FERG 213,0,Closed
9080,MUSC 014,,,ARR ,0,Closed
9082,MUSC 014,,,ARR ,0,Closed
9083,MUSC 014,,,ARR ,0,Closed
9084,MUSC 014,1200-1250,R,FERG R118,0,Closed
9085,MUSC 014,,,ARR ,0,Closed
9086,MUSC 014,1200-1250,W,FERG R106,0,Closed
9087,MUSC 014,,,ARR ,0,Closed
9098,MUSC 100,1630-1745,TR,FERG R118,40,Open
9099,MUSC 101,1630-1820,TR,FERG R106,36,Open
9100,MUSC 102,1630-1745,TR,FERG A183,47,Open
9101,MUSC 103,1300-1350,MWF,FERG R106,16,Open
9102,MUSC 104,,,ARR ,19,Open
9103,MUSC 104,1200-1250,MF,FERG 213,7,Open
9104,MUSC 105,1300-1430,MWF,FERG R118,0,Closed
9105,MUSC 107,1500-1700,MWF,FERG A183,19,Open
9106,MUSC 108,1400-1450,MWF,FERG R106,17,Open
9107,MUSC 112,1600-1750,MWF,FERG R106,199,Open
9108,MUSC 115,1100-1215,TR,FERG 213,13,Open
9109,MUSC 115,0800-0915,TR,FERG 213,13,Open
9110,MUSC 122,,,ARR ,19,Open
9111,MUSC 124,1500-1550,MWF,FERG R106,23,Open
9112,MUSC 125,0800-0850,MWF,FERG A183,25,Open
9113,MUSC 127,,,ARR ,17,Open
9114,MUSC 135,1100-1150,M,FERG 210,19,Open
9115,MUSC 138,1500-1615,TR,FERG 213,11,Open
9116,MUSC 143,1100-1215,TR,FERG 210,16,Open
9117,MUSC 200,1000-1050,MWF,FERG 213,11,Open
9118,MUSC 200,1400-1450,MWF,FERG 213,12,Open
9119,MUSC 209,0930-1045,TR,FERG 210,0,Closed
9120,MUSC 211,1000-1050,MWF,FERG 210,0,Closed
9122,MUSC 215,0930-1045,TR,FERG 213,11,Open
9123,MUSC 215,1330-1445,TR,FERG 213,13,Open
9124,MUSC 220,1330-1445,TR,FERG A183,17,Open
9125,MUSC 240,0900-0950,MWF,FERG R106,17,Open
9126,MUSC 260,1100-1150,MWF,FERG R118,16,Open
9127,MUSC 265,1100-1150,MWF,FERG A183,19,Open
9262,MUSC 275,1330-1445,TR,FERG R118,16,Open
9128,MUSC 303,1100-1215,TR,FERG 221,16,Open
9129,MUSC 305,1500-1615,TR,FERG 207,15,Open
9130,MUSC 309,1330-1445,TR,FERG 210,17,Open
9131,MUSC 311,0900-0950,MWF,FERG 210,17,Open
9132,MUSC 314,1000-1050,MWF,FERG R118,18,Open
9133,MUSC 315,1100-1150,MWF,FERG 213,10,Open
9134,MUSC 316,1000-1050,MWF,FERG A183,16,Open
9135,MUSC 337,1100-1215,TR,FERG A182,17,Open
9136,MUSC 415,0930-1045,R,FERG A183,17,Open
9137,MUSC 430,1500-1615,TR,FERG A183,19,Open
9138,MUSC 492,,,ARR ,0,Closed
9240,MUSC 495,1330-1445,TR,FERG 208,8,Open
9139,MUSC 510,1330-1445,TR,FERG A182,16,Open
9140,MUSC 520,1500-1615,TR,FERG R118,15,Open
9141,MUSC 530,1500-1615,TR,FERG A183,16,Open
9142,MUSC 545,1730-2015,M,FERG A182,14,Open
9143,MUSC 580,2000-2115,R,FERG R118,14,Open
8213,NEUR 201,1400-1450,MWF,FORBES 2070E,45,Open
8206,NEUR 300,0800-0915,TR,FORBES 2090,7,Open
8207,NEUR 301,1100-1215,TR,FORBES 2002,8,Open
8209,NEUR 301L,1330-1615,T,FORBES 2002,8,Open
8215,NEUR 305,1200-1250,MWF,FORBES 2070D,36,Open
8210,NEUR 316,0930-1045,TR,FORBES 2070A,14,Open
8211,NEUR 316,1000-1050,MWF,FORBES 2074,5,Open
8212,NEUR 410,0900-0950,MWF,FORBES 2070C,27,Open
8216,NEUR 490,1330-1445,TR,FORBES 2088,7,Open
8768,PCSE 699,1200-1250,M,LUTR 322,25,Open
8771,PHIL 101,1930-2045,TR,MCM 260,16,Open
8772,PHIL 101,2100-2215,TR,MCM 260,19,Open
9212,PHIL 101,1000-1050,MWF,MCM 362,9,Open
8773,PHIL 201,0930-1045,TR,MCM 366,11,Open
8775,PHIL 201,1200-1250,MWF,MCM 114,2,Open
8776,PHIL 201,1300-1350,MWF,MCM 360,3,Open
8777,PHIL 202,0800-0915,TR,MCM 366,4,Open
8778,PHIL 202,1100-1215,TR,TFAC 204,5,Open
8779,PHIL 202,1330-1445,TR,MCM 114,0,Closed
8780,PHIL 202,1630-1745,TR,MCM 260,11,Open
8781,PHIL 205,1930-2045,MW,MCM 216,27,Open
9263,PHIL 205,1800-1915,MW,MCM 216,25,Open
8783,PHIL 207,1100-1215,TR,MCM 207,5,Open
8784,PHIL 207,1800-1915,MW,MCM 362,6,Open
8786,PHIL 207,1600-1715,MW,MCM 362,3,Open
8787,PHIL 207,2100-2215,MW,MCM 216,14,Open
8788,PHIL 207,1500-1615,TR,TRIB 208,4,Open
9214,PHIL 207,0800-0850,MWF,MCM 210,4,Open
9215,PHIL 207,0900-0950,MWF,MCM 210,23,Open
9217,PHIL 207,0800-0915,TR,MCM 160,23,Open
9216,PHIL 215,0930-1045,TR,TRIB 1213,2,Open
8790,PHIL 320,0930-1045,TR,MCM 314,9,Open
8791,PHIL 321,1800-2045,R,MCM 160,11,Open
8792,PHIL 344,1800-2045,T,MCM 257,0,Closed
8793,PHIL 376,1400-1450,MWF,MCM 312,3,Open
8794,PHIL 376,1500-1550,MWF,MCM 312,12,Open
9265,PHIL 384,1330-1445,TR,TRIB 1213,0,Closed
8796,PHIL 386,1600-1715,MW,MCM 312,10,Open
8797,PHIL 425,1330-1445,TR,MCM 200B,10,Open
8798,PHIL 451,1400-1450,MWF,MCM 200D,13,Open
8799,PHIL 490,1300-1350,MWF,MCM 200C,12,Open
8302,PHYS 105L,1800-2045,R,LUTR 301,25,Open
8303,PHYS 105L,1800-2045,W,LUTR 301,17,Open
8449,PHYS 141,1500-1615,TR,LUTR 170,17,Open
8450,PHYS 141,0930-1045,TR,LUTR 170,1,Open
8304,PHYS 151,1800-1915,MW,LUTR 121,88,Open
8305,PHYS 151,1100-1215,TR,FORBES 1022,58,Open
8306,PHYS 151,1500-1615,TR,LUTR 121,85,Open
8307,PHYS 151L,1330-1615,R,LUTR 306,22,Open
8308,PHYS 151L,1430-1715,W,LUTR 306,23,Open
8309,PHYS 151L,1100-1345,W,LUTR 306,21,Open
8310,PHYS 151L,0800-1045,R,LUTR 306,32,Open
8311,PHYS 151L,1800-2045,W,LUTR 306,25,Open
8312,PHYS 151L,0800-1045,F,LUTR 306,33,Open
8313,PHYS 151L,1800-2045,R,LUTR 306,14,Open
8314,PHYS 151L,0800-1045,W,LUTR 306,27,Open
8315,PHYS 152,1100-1150,MWF,LUTR 170,12,Open
8316,PHYS 152L,1800-2045,R,LUTR 310,10,Open
8317,PHYS 201,0800-0915,TR,LUTR 322,3,Open
8318,PHYS 201,0930-1045,TR,LUTR 322,13,Open
8319,PHYS 201,1630-1745,TR,LUTR 322,1,Open
8320,PHYS 201L,1800-2045,M,LUTR 310,1,Open
8321,PHYS 201L,1330-1615,T,LUTR 310,0,Closed
8322,PHYS 201L,1430-1715,M,LUTR 310,12,Open
8323,PHYS 201L,1800-2045,T,LUTR 310,17,Open
8324,PHYS 202,0800-0850,MWF,LUTR 269,20,Open
8325,PHYS 202L,1800-2045,M,LUTR 301,20,Open
8326,PHYS 303,1300-1350,MWF,LUTR 301,31,Open
8327,PHYS 304,1100-1150,MWF,LUTR 322,29,Open
8328,PHYS 341,0900-0950,MWF,LUTR 121,37,Open
8330,PHYS 351,1330-1445,TR,LUTR 301,24,Open
8331,PHYS 401,0930-1045,TR,LUTR 301,11,Open
8332,PHYS 441,1000-1050,MWF,LUTR 204,12,Open
8333,PHYS 498,1400-1515,F,LUTR 301,22,Open
8334,PHYS 501,0930-1045,TR,LUTR 301,7,Open
9279,PHYS 541,1000-1050,MWF,LUTR 204,5,Open
8202,PMED 010,1230-1320,TR,FORBES 1022,80,Open
8203,PMED 020,1230-1320,TR,FORBES 1022,28,Open
8204,PMED 030,1230-1320,TR,FORBES 1022,30,Open
8205,PMED 040,1230-1320,TR,FORBES 1022,21,Open
8516,POLS 100,1100-1215,TR,MCM 364,20,Open
8517,POLS 100,1600-1715,MW,MCM 357,17,Open
8518,POLS 101,1000-1050,MWF,MCM 101,36,Open
8519,POLS 101,1100-1150,MWF,MCM 312,11,Open
8520,POLS 101,1200-1250,MWF,MCM 312,14,Open
8521,POLS 101,1300-1350,MWF,MCM 314,0,Closed
8522,POLS 101,1400-1450,MWF,MCM 314,0,Closed
8523,POLS 202,1800-2100,T,MCM 216,9,Open
8524,POLS 215,1000-1050,MWF,MCM 207,9,Open
8525,POLS 215,1100-1150,MWF,MCM 207,5,Open
8526,POLS 215,1500-1615,TR,MCM 362,0,Closed
8527,POLS 215,1630-1745,TR,MCM 362,15,Open
8528,POLS 215,1800-2100,M,FORBES 2070A,2,Open
8531,POLS 311,1500-1550,MWF,MCM 357,12,Open
9277,POLS 317,1330-1445,TR,MCM 307,2,Open
9278,POLS 317,1500-1615,TR,MCM 307,2,Open
8532,POLS 327,1330-1445,TR,MCM 257,3,Open
9207,POLS 331,1600-1715,MW,MCM 316,2,Open
8535,POLS 344,1100-1215,TR,MCM 314,0,Closed
8536,POLS 344,1330-1445,TR,MCM 314,12,Open
8537,POLS 352,1100-1215,TR,MCM 110,3,Open
8538,POLS 352,1200-1250,MWF,MCM 110,5,Open
9228,POLS 358,1330-1445,TR,MCM 364,14,Open
8539,POLS 363,1800-1915,TR,MCM 307,16,Open
8540,POLS 371,1800-2100,R,MCM 216,8,Open
8541,POLS 381,1200-1250,MWF,MCM 364,3,Open
8542,POLS 381,1300-1350,MWF,MCM 364,10,Open
8543,POLS 391,1500-1615,TR,MCM 312,9,Open
9234,POLS 395,0930-1045,TR,MCM 210,7,Open
9280,POLS 395,0900-0950,MWF,MCM 207,14,Open
8544,POLS 402,0900-0950,MWF,TRIB 1210,12,Open
8545,POLS 402,1000-1050,MWF,TRIB 1210,11,Open
8546,POLS 490,1100-1150,MWF,MCM 200D,0,Closed
8547,POLS 490,0930-1045,TR,MCM 200C,0,Closed
8548,POLS 491,,,ARR ,10,Open
8452,PSYC 201,1300-1350,MWF,MCM 101,47,Open
8453,PSYC 201,1100-1150,MWF,FORBES 1022,41,Open
8454,PSYC 201,0930-1045,TR,FORBES 1022,71,Open
8455,PSYC 202,1400-1450,MWF,MCM 101,28,Open
8456,PSYC 202,0930-1045,TR,MCM 101,39,Open
8457,PSYC 207,1500-1615,TR,FORBES 2074,27,Open
8458,PSYC 208,0800-0850,MWF,FORBES 2074,27,Open
8459,PSYC 208,0900-0950,MWF,FORBES 2074,16,Open
8460,PSYC 208,1100-1215,TR,FORBES 2074,13,Open
8461,PSYC 300,0800-0850,MWF,FORBES 2090,31,Open
8462,PSYC 300,0900-0950,MWF,FORBES 2090,27,Open
8463,PSYC 300,1330-1445,TR,FORBES 2090,32,Open
8464,PSYC 301,1500-1550,MWF,FORBES 2090,5,Open
8465,PSYC 301,1000-1050,MWF,FORBES 2009,0,Closed
8466,PSYC 301,1000-1050,MWF,FORBES 2090,0,Closed
8467,PSYC 301,1300-1350,MWF,FORBES 2090,9,Open
8468,PSYC 301L,1600-1715,MW,FORBES 2090,5,Open
8469,PSYC 301L,1100-1150,MWF,FORBES 2009,0,Closed
8470,PSYC 301L,1100-1150,MWF,FORBES 2090,0,Closed
8471,PSYC 301L,1400-1450,MWF,FORBES 2090,9,Open
8472,PSYC 304,1100-1215,TR,FERG 201,3,Open
8473,PSYC 304,1400-1450,MWF,FORBES 2015,3,Open
8474,PSYC 306,0900-0950,MWF,FORBES 2015,34,Open
8475,PSYC 306,1330-1445,TR,FORBES 2074,10,Open
8476,PSYC 312,1300-1350,MWF,FORBES 2070D,22,Open
8477,PSYC 312,1930-2045,MW,FORBES 2070E,37,Open
8480,PSYC 314,1100-1215,TR,FORBES 2070A,13,Open
8481,PSYC 314,1330-1445,TR,FORBES 2070A,20,Open
8482,PSYC 315,0930-1045,TR,FERG 201,31,Open
8483,PSYC 315,1600-1715,MW,FORBES 2070E,32,Open
8484,PSYC 316,0930-1045,TR,FORBES 2070A,10,Open
8485,PSYC 316,1000-1050,MWF,FORBES 2074,4,Open
8486,PSYC 336,1800-2045,M,FORBES 2074,0,Closed
8487,PSYC 340,1500-1615,TR,FORBES 2014,12,Open
8488,PSYC 350,0800-0915,TR,FORBES 2074,12,Open
8489,PSYC 360,0930-1045,TR,FORBES 2009,8,Open
8490,PSYC 404,1300-1350,MWF,FORBES 2009,5,Open
8491,PSYC 404L,1400-1645,W,FORBES 2009,5,Open
8492,PSYC 405,0800-0850,MWF,FORBES 2015,0,Closed
8493,PSYC 405L,0900-0950,MWF,FORBES 2002,0,Closed
8494,PSYC 405L,1000-1050,MWF,FORBES 2002,0,Closed
8495,PSYC 409,1800-2045,W,FORBES 2070C,5,Open
8496,PSYC 409L,1630-1745,TR,FORBES 2088,0,Closed
8497,PSYC 409L,1800-1915,TR,FORBES 2088,7,Open
8498,PSYC 415,0900-0950,MWF,FORBES 2009,0,Closed
8499,PSYC 415L,1400-1645,M,FORBES 2009,0,Closed
8500,PSYC 420,1630-1745,TR,FORBES 2015,23,Open
8504,PSYC 490,0800-0850,MWF,FORBES 2002,10,Open
8505,PSYC 490,1100-1150,MWF,FORBES 2002,0,Closed
8506,PSYC 490,1100-1215,TR,FORBES 2012,0,Closed
8507,PSYC 490,1330-1445,TR,FORBES 2014,0,Closed
9266,PSYC 495,1100-1215,TR,FORBES 2009,0,Closed
9267,PSYC 495L,1330-1445,TR,FORBES 2009,0,Closed
8509,PSYC 521,1630-1915,T,FORBES 2070E,9,Open
8508,PSYC 521,1600-1845,M,HYB ,11,Open
8510,PSYC 521L,0930-1045,T,FORBES 2002,5,Open
8511,PSYC 521L,1630-1745,T,FORBES 2014,11,Open
8512,PSYC 535,1600-1845,W,FORBES 2070A,4,Open
8513,PSYC 535,1630-1915,R,FORBES 2074,5,Open
8514,PSYC 544,1600-1845,W,SYN ,11,Open
8800,RSTD 210,1200-1250,MWF,MCM 200B,0,Closed
8801,RSTD 211,1500-1615,TR,MCM 101,42,Open
8802,RSTD 211,0900-0950,MWF,MCM 366,0,Closed
8807,RSTD 212,1500-1550,MWF,MCM 260,0,Closed
8808,RSTD 212,1400-1450,MWF,MCM 260,1,Open
8809,RSTD 212,1600-1715,MW,MCM 262,0,Closed
9218,RSTD 212,1800-1915,MW,MCM 260,3,Open
9219,RSTD 212,1930-2045,MW,MCM 260,8,Open
8811,RSTD 218,1000-1050,MWF,FORBES 3012,2,Open
8812,RSTD 232,1330-1445,TR,MCM 216,0,Closed
8813,RSTD 232,0900-0950,MWF,MCM 362,0,Closed
8814,RSTD 232,1100-1215,TR,TRIB 1213,0,Closed
8816,RSTD 236,2100-2215,MW,FERG 208,1,Open
8817,RSTD 260,1000-1050,MWF,MCM 200C,2,Open
8819,RSTD 265,2100-2215,MW,MCM 257,3,Open
8823,RSTD 350,1100-1150,MWF,MCM 200C,12,Open
8824,RSTD 362,0930-1045,TR,MCM 207,16,Open
8556,SOCL 201,1330-1445,TR,MCM 362,0,Closed
8557,SOCL 205,0800-0850,MWF,MCM 360,15,Open
8558,SOCL 205,0900-0950,MWF,MCM 360,19,Open
8561,SOCL 306,1100-1215,TR,FERG 201,17,Open
8562,SOCL 306,1400-1450,MWF,FORBES 2015,14,Open
8563,SOCL 308,1100-1215,TR,MCM 164,10,Open
9294,SOCL 309,1330-1445,TR,FORBES 2070C,8,Open
8565,SOCL 313,1100-1215,TR,MCM 310,5,Open
8566,SOCL 314,1600-1715,MW,LUTR 269,15,Open
8567,SOCL 314,1800-1915,MW,LUTR 269,17,Open
8580,SOCL 314L,1100-1215,M,MCM 300B,2,Open
8581,SOCL 314L,1500-1615,W,MCM 200B,1,Open
8582,SOCL 314L,1500-1615,W,LUTR 131,11,Open
8568,SOCL 316,1330-1445,TR,LUTR 167,11,Open
8569,SOCL 316,1500-1615,TR,LUTR 167,9,Open
9304,SOCL 319,0930-1045,TR,MCM 310,5,Open
9287,SOCL 335,1600-1715,MW,LUTR 347,0,Closed
8570,SOCL 340,1000-1050,MWF,LUTR 157,8,Open
8571,SOCL 340,1100-1150,MWF,LUTR 157,10,Open
8572,SOCL 374,1100-1150,MWF,LUTR 167,0,Closed
8573,SOCL 374,1200-1250,MWF,LUTR 167,0,Closed
8574,SOCL 390,1100-1150,MWF,LUTR 131,12,Open
9246,SOCL 395,1800-2045,R,LUTR 376,1,Open
8575,SOCL 470,1100-1215,TR,LUTR 167,0,Closed
8576,SOCL 470,0930-1045,TR,TRIB 1210,0,Closed
8577,SOCL 490,0930-1045,TR,LUTR 167,8,Open
8578,SOCL 490,0930-1045,TR,LUTR 157,1,Open
8579,SOCL 491,,,ARR ,3,Open
8583,SOCL 501,,,ASY ,0,Closed
8584,SOCL 501,,,ASY ,12,Open
8585,SOWK 201,1630-1745,TR,LUTR 242,34,Open
8586,SOWK 210,1800-1915,TR,LUTR 242,11,Open
8587,SOWK 301,1330-1445,TR,LUTR 137,24,Open
8593,SOWK 301L,0930-1215,TR,LUTR 242,24,Open
8589,SOWK 401,1200-1350,M,LUTR 157,7,Open
8590,SOWK 401,1200-1350,W,LUTR 157,8,Open
8591,SOWK 401,1200-1350,W,LUTR 131,6,Open
8592,SOWK 493,1800-2045,M,LUTR 167,19,Open
8973,SPAN 101,1330-1445,TR,MCM 360,12,Open
8974,SPAN 101,0800-0850,MWF,FERG 207,12,Open
8975,SPAN 101,0900-0950,MWF,FERG 207,11,Open
8976,SPAN 101,1000-1050,MWF,FERG 207,11,Open
8977,SPAN 101,1100-1150,MWF,MCM 210,11,Open
8978,SPAN 102,0900-0950,MWF,MCM 262,7,Open
8979,SPAN 102,1000-1050,MWF,MCM 262,7,Open
8980,SPAN 102,1400-1450,MWF,MCM 357,11,Open
8981,SPAN 200,0930-1045,TR,MCM 312,14,Open
8990,SPAN 200,1800-1915,MW,MCM 314,0,Closed
8991,SPAN 200,1500-1615,TR,MCM 160,10,Open
8992,SPAN 200,1630-1745,TR,MCM 160,15,Open
8993,SPAN 200,1630-1745,TR,MCM 366,19,Open
8994,SPAN 200,1800-1915,TR,MCM 314,2,Open
8995,SPAN 200,1200-1250,MWF,MCM 357,0,Closed
8996,SPAN 200,1300-1350,MWF,MCM 307,8,Open
8997,SPAN 200,1100-1150,MWF,MCM 357,0,Closed
8982,SPAN 200,1630-1745,TR,MCM 314,0,Closed
8983,SPAN 200,1800-1915,TR,MCM 366,13,Open
8984,SPAN 200,1000-1050,MWF,MCM 210,1,Open
8985,SPAN 200,1330-1445,TR,FERG 207,0,Closed
8986,SPAN 200,0800-0850,MWF,MCM 314,13,Open
8987,SPAN 200,0900-0950,MWF,MCM 314,8,Open
8988,SPAN 200,0800-0915,TR,MCM 312,15,Open
8989,SPAN 200,1800-1915,TR,MCM 357,12,Open
8998,SPAN 201,0930-1045,TR,MCM 360,13,Open
8999,SPAN 201,1100-1215,TR,MCM 360,14,Open
9000,SPAN 202,1330-1445,TR,MCM 164,11,Open
9001,SPAN 301,1100-1215,TR,TRIB 208,10,Open
9002,SPAN 301,1500-1615,TR,MCM 164,14,Open
9003,SPAN 308,1100-1215,TR,MCM 257,6,Open
9004,SPAN 308,1330-1445,TR,FERG 221,12,Open
9005,SPAN 314,1200-1250,MWF,MCM 314,8,Open
9006,SPAN 330,1100-1150,MWF,MCM 314,7,Open
9007,SPAN 351,0930-1045,TR,FERG 207,9,Open
9170,TCHG 518L,1630-1720,R,FORBES 2014,9,Open
9171,TCHG 518L,1900-1950,W,FORBES 2014,0,Closed
9144,THEA 130,,,ARR ,0,Closed
9145,THEA 130,,,ARR ,0,Closed
9146,THEA 130,,,ARR ,0,Closed
9147,THEA 151,1330-1445,TR,FERG 223,10,Open
9148,THEA 200,1400-1450,MWF,FERG 210,8,Open
9149,THEA 210,1100-1150,MWF,FERG 221,0,Closed
9150,THEA 210,0930-1045,TR,FERG 221,0,Closed
9151,THEA 232,1300-1415,MW,FERG T107,0,Closed
9152,THEA 232,1630-1745,TR,FERG T107,16,Open
9153,THEA 232,1330-1445,TR,FERG T107,5,Open
9154,THEA 250,0930-1045,TR,FERG 223,10,Open
9155,THEA 250L,,,ARR ,0,Closed
9156,THEA 252,0930-1045,MW,FERG 222,11,Open
9157,THEA 258,1100-1215,MW,FERG 222,8,Open
9158,THEA 310,1500-1550,MWF,FERG 210,1,Open
9160,THEA 333,1430-1545,MW,FERG T107,7,Open
9161,THEA 334,1100-1215,MW,FERG T107,0,Closed
9163,THEA 346,1100-1215,TR,FERG 208,17,Open
9164,THEA 353,1100-1215,TR,FERG 223,8,Open
9165,THEA 355,1300-1415,MW,FERG 223,10,Open
9166,THEA 380,1900-2300,MTWRF,ARR ,0,Closed
9167,THEA 380,1900-2300,MTWRF,ARR ,0,Closed
9233,THEA 395,1100-1215,TR,FERG T107,14,Open
9168,THEA 463,1300-1350,MWF,FERG 210,12,Open
9169,THEA 498,,,ARR ,8,Open
